<?xml version="1.0" encoding="UTF-8" standalone="yes"?>
<transaction xmlns="http://www.w3schools.com" transactionName="WIKJT365" application="WIKJ" version="01" country="ES" language="ES">
	<paramsIn>
		<dto order="1" name="dtoIn" mandatory="0" package="com.bbva.wikj.dto.hab.DtoIn" artifactId="WIKJC365">
			<parameter order="1" name="id" mandatory="0" type="String" size="999"/>
			<parameter order="2" name="nuip" mandatory="0" type="String" size="999"/>
			<parameter order="3" name="fullName" mandatory="0" type="String" size="999"/>
			<parameter order="4" name="phone" mandatory="0" type="String" size="999"/>
			<parameter order="5" name="address" mandatory="0" type="String" size="999"/>
		</dto>
	</paramsIn>
	<paramsOut>
		<dto order="1" name="dtoOut" mandatory="0" package="com.bbva.wikj.dto.hab.DtoOut" artifactId="WIKJC365">
			<parameter order="1" name="id" mandatory="0" type="Long" size="999"/>
			<parameter order="2" name="nuip" mandatory="0" type="Long" size="999"/>
			<parameter order="3" name="fullName" mandatory="0" type="String" size="999"/>
			<parameter order="4" name="phone" mandatory="0" type="String" size="999"/>
			<parameter order="5" name="address" mandatory="0" type="String" size="999"/>
		</dto>
	</paramsOut>
	<description>transaction</description>
</transaction>
